{
  "avg_depth_before": 12.2,
  "std_depth_before": 0.7483314773547883,
  "avg_depth_after": 8.8,
  "std_depth_after": 3.1874754901018454,
  "median_chosen_passes": 2
}