{
  "labels": [
    1,
    2,
    3,
    4
  ],
  "confusion_matrix": [
    [
      49.4,
      0.0,
      0.3,
      0.3
    ],
    [
      0.0,
      48.2,
      1.8,
      0.0
    ],
    [
      0.3,
      1.9,
      47.7,
      0.1
    ],
    [
      0.4,
      0.0,
      0.1,
      49.5
    ]
  ],
  "accuracy": 0.9740000000000001,
  "per_class": {
    "precision": [
      0.9860279441117765,
      0.9620758483033932,
      0.9559118236472945,
      0.9919839679358717
    ],
    "recall": [
      0.9880000000000001,
      0.9640000000000001,
      0.954,
      0.99
    ],
    "f1": [
      0.987012987012987,
      0.9630369630369631,
      0.9549549549549549,
      0.990990990990991
    ]
  }
}