{
  "labels": [
    1,
    2,
    3,
    4
  ],
  "confusion_matrix": [
    [
      49.8,
      0.0,
      0.1,
      0.1
    ],
    [
      0.0,
      47.7,
      2.3,
      0.0
    ],
    [
      0.2,
      2.2,
      47.2,
      0.4
    ],
    [
      0.5,
      0.0,
      0.2,
      49.3
    ]
  ],
  "accuracy": 0.97,
  "per_class": {
    "precision": [
      0.9861386138613861,
      0.9559118236472945,
      0.9477911646586346,
      0.9899598393574297
    ],
    "recall": [
      0.996,
      0.9540000000000001,
      0.9440000000000001,
      0.986
    ],
    "f1": [
      0.991044776119403,
      0.9549549549549551,
      0.9458917835671342,
      0.9879759519038075
    ]
  }
}