{
  "labels": [
    1,
    2,
    3,
    4
  ],
  "confusion_matrix": [
    [
      498,
      0,
      1,
      1
    ],
    [
      0,
      477,
      23,
      0
    ],
    [
      2,
      22,
      472,
      4
    ],
    [
      5,
      0,
      2,
      493
    ]
  ],
  "accuracy": 0.97,
  "per_class": {
    "precision": [
      0.9861386138613861,
      0.9559118236472945,
      0.9477911646586346,
      0.9899598393574297
    ],
    "recall": [
      0.996,
      0.954,
      0.944,
      0.986
    ],
    "f1": [
      0.991044776119403,
      0.9549549549549549,
      0.9458917835671342,
      0.9879759519038075
    ]
  }
}