{
  "labels": [
    1,
    2,
    3,
    4
  ],
  "confusion_matrix": [
    [
      494,
      0,
      3,
      3
    ],
    [
      0,
      482,
      18,
      0
    ],
    [
      3,
      19,
      477,
      1
    ],
    [
      4,
      0,
      1,
      495
    ]
  ],
  "accuracy": 0.974,
  "per_class": {
    "precision": [
      0.9860279441117764,
      0.9620758483033932,
      0.9559118236472945,
      0.9919839679358717
    ],
    "recall": [
      0.988,
      0.964,
      0.954,
      0.99
    ],
    "f1": [
      0.987012987012987,
      0.963036963036963,
      0.9549549549549549,
      0.990990990990991
    ]
  }
}