{
  "avg_depth_before": 18.4,
  "std_depth_before": 1.8000000000000003,
  "avg_depth_after": 13.7,
  "std_depth_after": 2.3685438564654024,
  "median_chosen_passes": 2
}