{
  "avg_depth_before": 18.4,
  "std_depth_before": 1.8000000000000003,
  "avg_leaf_before": 301.2,
  "std_leaf_before": 4.621688003316537,
  "avg_depth_after": 13.7,
  "std_depth_after": 2.3685438564654024,
  "avg_leaf_after": 52.6,
  "std_leaf_after": 12.109500402576483,
  "median_chosen_prune_passes": 2
}