{
  "labels": [
    1,
    2,
    3,
    4
  ],
  "confusion_matrix": [
    [
      388,
      42,
      27,
      33
    ],
    [
      31,
      401,
      35,
      30
    ],
    [
      31,
      37,
      414,
      33
    ],
    [
      40,
      21,
      30,
      407
    ]
  ],
  "accuracy": 0.805,
  "per_class": {
    "precision": [
      0.7918367346938775,
      0.8003992015968064,
      0.8181818181818182,
      0.8091451292246521
    ],
    "recall": [
      0.7918367346938775,
      0.806841046277666,
      0.8038834951456311,
      0.8172690763052208
    ],
    "f1": [
      0.7918367346938775,
      0.8036072144288576,
      0.8109696376101861,
      0.8131868131868131
    ]
  }
}