{
  "labels": [
    1,
    2,
    3,
    4
  ],
  "confusion_matrix": [
    [
      434,
      11,
      21,
      24
    ],
    [
      20,
      438,
      28,
      11
    ],
    [
      23,
      31,
      443,
      18
    ],
    [
      31,
      18,
      20,
      429
    ]
  ],
  "accuracy": 0.872,
  "per_class": {
    "precision": [
      0.8543307086614174,
      0.8795180722891566,
      0.865234375,
      0.8900414937759336
    ],
    "recall": [
      0.8857142857142857,
      0.8812877263581489,
      0.8601941747572815,
      0.8614457831325302
    ],
    "f1": [
      0.8697394789579158,
      0.8804020100502512,
      0.8627069133398247,
      0.8755102040816326
    ]
  }
}