{
  "labels": [
    1,
    2,
    3,
    4
  ],
  "confusion_matrix": [
    [
      43.4,
      1.1,
      2.1,
      2.4
    ],
    [
      2.0,
      43.8,
      2.8,
      1.1
    ],
    [
      2.3,
      3.1,
      44.3,
      1.8
    ],
    [
      3.1,
      1.8,
      2.0,
      42.9
    ]
  ],
  "accuracy": 0.872,
  "per_class": {
    "precision": [
      0.8543307086614174,
      0.8795180722891566,
      0.865234375,
      0.8900414937759337
    ],
    "recall": [
      0.8857142857142857,
      0.8812877263581489,
      0.8601941747572817,
      0.8614457831325302
    ],
    "f1": [
      0.8697394789579158,
      0.8804020100502512,
      0.8627069133398249,
      0.8755102040816327
    ]
  }
}