{
  "labels": [
    1,
    2,
    3,
    4
  ],
  "confusion_matrix": [
    [
      38.8,
      4.2,
      2.7,
      3.3
    ],
    [
      3.1,
      40.1,
      3.5,
      3.0
    ],
    [
      3.2,
      3.7,
      41.3,
      3.3
    ],
    [
      4.0,
      2.1,
      3.0,
      40.7
    ]
  ],
  "accuracy": 0.8045,
  "per_class": {
    "precision": [
      0.7902240325865579,
      0.8003992015968063,
      0.8178217821782178,
      0.8091451292246521
    ],
    "recall": [
      0.7918367346938775,
      0.806841046277666,
      0.8019417475728156,
      0.8172690763052208
    ],
    "f1": [
      0.7910295616717633,
      0.8036072144288576,
      0.8098039215686275,
      0.8131868131868131
    ]
  }
}