{
  "labels": [
    1,
    2,
    3,
    4
  ],
  "confusion_matrix": [
    [
      388,
      42,
      27,
      33
    ],
    [
      31,
      401,
      35,
      30
    ],
    [
      32,
      37,
      413,
      33
    ],
    [
      40,
      21,
      30,
      407
    ]
  ],
  "accuracy": 0.8045,
  "per_class": {
    "precision": [
      0.790224032586558,
      0.8003992015968064,
      0.8178217821782178,
      0.8091451292246521
    ],
    "recall": [
      0.7918367346938775,
      0.806841046277666,
      0.8019417475728156,
      0.8172690763052208
    ],
    "f1": [
      0.7910295616717635,
      0.8036072144288576,
      0.8098039215686275,
      0.8131868131868131
    ]
  }
}